"id","tokenindex","access","title","alias","alias-seed","catid","articletext","introtext","fulltext","language","metadesc","metakey","state","featured","seed","article-subform-field","images","urls"
0,"app-001",1,"Datasource - Offline csv file – Sample Data : Line 2","line-2","line-",2,"Sample article text 2","Sample intro text 2",,"*",,,1,0,2,"{""row0"":{""field2"":1410,""field1"":""This an article summary 1 for this dessert. <em>Short</em> & <em>Sweet!</em>"", ""field7"": ""What's up <strong>Super Joomlers!</strong> <em>Alex</em> here...Proud to be a joomler. Nowadays focusing on Joomla! 4.x Web Services Apis.""}, ""row1"":{""field2"":1410,""field1"":""This an article summary 2 for this dessert. <em>Short</em> & <em>Sweet!</em>"", ""field7"": ""What's up <strong>Super Joomlers!</strong> <em>Alex</em> here... Proud to be a joomler. Nowadays focusing on Joomla! 4.x Web Services Apis.""}, ""row2"":{""field2"":1410,""field1"":""This an article summary 3 for this dessert. <em>Short</em> & <em>Sweet!</em>"", ""field7"": ""What's up <strong>Super Joomlers!</strong> <em>Alex</em> here... Proud to be a joomler. Nowadays focusing on Joomla! 4.x Web Services Apis.""}}","{""image_intro"": ""https://example.org/sample-intro-image.jpg"", ""image_intro_caption"": ""sample intro image caption"", ""image_intro_alt"":""sample intro image alt text"", ""float_intro"":"""",""image_fulltext"": ""https://example.org/sample-full-image.jpg"", ""image_fulltext_caption"": ""sample full image caption"", ""image_fulltext_alt"":""sample full image alt text"", ""float_fulltext"":""""}","{""urla"":""https://apiadept.com"",""urlatext"":""Website"",""targeta"":"""",""urlb"":""https://github.com/alexandreelise"",""urlbtext"":""Github"",""targetb"":"""",""urlc"":""https://twitter.com/mralexandrelise"",""urlctext"":""Twitter"",""targetc"":""""}"
0,"app-001",1,"Datasource - Offline csv file – Sample Data : Line 3","line-3","line-",2,"Sample article text 3","Sample intro text 3",,"*",,,1,0,3,"{""row0"":{""field2"":1410,""field1"":""This an article summary 1 for this dessert. <em>Short</em> & <em>Sweet!</em>"", ""field7"": ""What's up <strong>Super Joomlers!</strong> <em>Alex</em> here...Proud to be a joomler. Nowadays focusing on Joomla! 4.x Web Services Apis.""}, ""row1"":{""field2"":1410,""field1"":""This an article summary 2 for this dessert. <em>Short</em> & <em>Sweet!</em>"", ""field7"": ""What's up <strong>Super Joomlers!</strong> <em>Alex</em> here... Proud to be a joomler. Nowadays focusing on Joomla! 4.x Web Services Apis.""}, ""row2"":{""field2"":1410,""field1"":""This an article summary 3 for this dessert. <em>Short</em> & <em>Sweet!</em>"", ""field7"": ""What's up <strong>Super Joomlers!</strong> <em>Alex</em> here... Proud to be a joomler. Nowadays focusing on Joomla! 4.x Web Services Apis.""}}","{""image_intro"": ""https://example.org/sample-intro-image.jpg"", ""image_intro_caption"": ""sample intro image caption"", ""image_intro_alt"":""sample intro image alt text"", ""float_intro"":"""",""image_fulltext"": ""https://example.org/sample-full-image.jpg"", ""image_fulltext_caption"": ""sample full image caption"", ""image_fulltext_alt"":""sample full image alt text"", ""float_fulltext"":""""}","{""urla"":""https://apiadept.com"",""urlatext"":""Website"",""targeta"":"""",""urlb"":""https://github.com/alexandreelise"",""urlbtext"":""Github"",""targetb"":"""",""urlc"":""https://twitter.com/mralexandrelise"",""urlctext"":""Twitter"",""targetc"":""""}"
0,"app-001",1,"Datasource - Offline csv file – Sample Data : Line 4","line-4","line-",2,"Sample article text 4","Sample intro text 4",,"*",,,1,0,4,"{""row0"":{""field2"":1410,""field1"":""This an article summary 1 for this dessert. <em>Short</em> & <em>Sweet!</em>"", ""field7"": ""What's up <strong>Super Joomlers!</strong> <em>Alex</em> here...Proud to be a joomler. Nowadays focusing on Joomla! 4.x Web Services Apis.""}, ""row1"":{""field2"":1410,""field1"":""This an article summary 2 for this dessert. <em>Short</em> & <em>Sweet!</em>"", ""field7"": ""What's up <strong>Super Joomlers!</strong> <em>Alex</em> here... Proud to be a joomler. Nowadays focusing on Joomla! 4.x Web Services Apis.""}, ""row2"":{""field2"":1410,""field1"":""This an article summary 3 for this dessert. <em>Short</em> & <em>Sweet!</em>"", ""field7"": ""What's up <strong>Super Joomlers!</strong> <em>Alex</em> here... Proud to be a joomler. Nowadays focusing on Joomla! 4.x Web Services Apis.""}}","{""image_intro"": ""https://example.org/sample-intro-image.jpg"", ""image_intro_caption"": ""sample intro image caption"", ""image_intro_alt"":""sample intro image alt text"", ""float_intro"":"""",""image_fulltext"": ""https://example.org/sample-full-image.jpg"", ""image_fulltext_caption"": ""sample full image caption"", ""image_fulltext_alt"":""sample full image alt text"", ""float_fulltext"":""""}","{""urla"":""https://apiadept.com"",""urlatext"":""Website"",""targeta"":"""",""urlb"":""https://github.com/alexandreelise"",""urlbtext"":""Github"",""targetb"":"""",""urlc"":""https://twitter.com/mralexandrelise"",""urlctext"":""Twitter"",""targetc"":""""}"
0,"app-001",1,"Datasource - Offline csv file – Sample Data : Line 5","line-5","line-",2,"Sample article text 5","Sample intro text 5",,"*",,,1,0,5,"{""row0"":{""field2"":1410,""field1"":""This an article summary 1 for this dessert. <em>Short</em> & <em>Sweet!</em>"", ""field7"": ""What's up <strong>Super Joomlers!</strong> <em>Alex</em> here...Proud to be a joomler. Nowadays focusing on Joomla! 4.x Web Services Apis.""}, ""row1"":{""field2"":1410,""field1"":""This an article summary 2 for this dessert. <em>Short</em> & <em>Sweet!</em>"", ""field7"": ""What's up <strong>Super Joomlers!</strong> <em>Alex</em> here... Proud to be a joomler. Nowadays focusing on Joomla! 4.x Web Services Apis.""}, ""row2"":{""field2"":1410,""field1"":""This an article summary 3 for this dessert. <em>Short</em> & <em>Sweet!</em>"", ""field7"": ""What's up <strong>Super Joomlers!</strong> <em>Alex</em> here... Proud to be a joomler. Nowadays focusing on Joomla! 4.x Web Services Apis.""}}","{""image_intro"": ""https://example.org/sample-intro-image.jpg"", ""image_intro_caption"": ""sample intro image caption"", ""image_intro_alt"":""sample intro image alt text"", ""float_intro"":"""",""image_fulltext"": ""https://example.org/sample-full-image.jpg"", ""image_fulltext_caption"": ""sample full image caption"", ""image_fulltext_alt"":""sample full image alt text"", ""float_fulltext"":""""}","{""urla"":""https://apiadept.com"",""urlatext"":""Website"",""targeta"":"""",""urlb"":""https://github.com/alexandreelise"",""urlbtext"":""Github"",""targetb"":"""",""urlc"":""https://twitter.com/mralexandrelise"",""urlctext"":""Twitter"",""targetc"":""""}"
0,"app-001",1,"Datasource - Offline csv file – Sample Data : Line 6","line-6","line-",2,"Sample article text 6","Sample intro text 6",,"*",,,1,0,6,"{""row0"":{""field2"":1410,""field1"":""This an article summary 1 for this dessert. <em>Short</em> & <em>Sweet!</em>"", ""field7"": ""What's up <strong>Super Joomlers!</strong> <em>Alex</em> here...Proud to be a joomler. Nowadays focusing on Joomla! 4.x Web Services Apis.""}, ""row1"":{""field2"":1410,""field1"":""This an article summary 2 for this dessert. <em>Short</em> & <em>Sweet!</em>"", ""field7"": ""What's up <strong>Super Joomlers!</strong> <em>Alex</em> here... Proud to be a joomler. Nowadays focusing on Joomla! 4.x Web Services Apis.""}, ""row2"":{""field2"":1410,""field1"":""This an article summary 3 for this dessert. <em>Short</em> & <em>Sweet!</em>"", ""field7"": ""What's up <strong>Super Joomlers!</strong> <em>Alex</em> here... Proud to be a joomler. Nowadays focusing on Joomla! 4.x Web Services Apis.""}}","{""image_intro"": ""https://example.org/sample-intro-image.jpg"", ""image_intro_caption"": ""sample intro image caption"", ""image_intro_alt"":""sample intro image alt text"", ""float_intro"":"""",""image_fulltext"": ""https://example.org/sample-full-image.jpg"", ""image_fulltext_caption"": ""sample full image caption"", ""image_fulltext_alt"":""sample full image alt text"", ""float_fulltext"":""""}","{""urla"":""https://apiadept.com"",""urlatext"":""Website"",""targeta"":"""",""urlb"":""https://github.com/alexandreelise"",""urlbtext"":""Github"",""targetb"":"""",""urlc"":""https://twitter.com/mralexandrelise"",""urlctext"":""Twitter"",""targetc"":""""}"
0,"app-001",1,"Datasource - Offline csv file – Sample Data : Line 7","line-7","line-",2,"Sample article text 7","Sample intro text 7",,"*",,,1,0,7,"{""row0"":{""field2"":1410,""field1"":""This an article summary 1 for this dessert. <em>Short</em> & <em>Sweet!</em>"", ""field7"": ""What's up <strong>Super Joomlers!</strong> <em>Alex</em> here...Proud to be a joomler. Nowadays focusing on Joomla! 4.x Web Services Apis.""}, ""row1"":{""field2"":1410,""field1"":""This an article summary 2 for this dessert. <em>Short</em> & <em>Sweet!</em>"", ""field7"": ""What's up <strong>Super Joomlers!</strong> <em>Alex</em> here... Proud to be a joomler. Nowadays focusing on Joomla! 4.x Web Services Apis.""}, ""row2"":{""field2"":1410,""field1"":""This an article summary 3 for this dessert. <em>Short</em> & <em>Sweet!</em>"", ""field7"": ""What's up <strong>Super Joomlers!</strong> <em>Alex</em> here... Proud to be a joomler. Nowadays focusing on Joomla! 4.x Web Services Apis.""}}","{""image_intro"": ""https://example.org/sample-intro-image.jpg"", ""image_intro_caption"": ""sample intro image caption"", ""image_intro_alt"":""sample intro image alt text"", ""float_intro"":"""",""image_fulltext"": ""https://example.org/sample-full-image.jpg"", ""image_fulltext_caption"": ""sample full image caption"", ""image_fulltext_alt"":""sample full image alt text"", ""float_fulltext"":""""}","{""urla"":""https://apiadept.com"",""urlatext"":""Website"",""targeta"":"""",""urlb"":""https://github.com/alexandreelise"",""urlbtext"":""Github"",""targetb"":"""",""urlc"":""https://twitter.com/mralexandrelise"",""urlctext"":""Twitter"",""targetc"":""""}"
0,"app-001",1,"Datasource - Offline csv file – Sample Data : Line 8","line-8","line-",2,"Sample article text 8","Sample intro text 8",,"*",,,1,0,8,"{""row0"":{""field2"":1410,""field1"":""This an article summary 1 for this dessert. <em>Short</em> & <em>Sweet!</em>"", ""field7"": ""What's up <strong>Super Joomlers!</strong> <em>Alex</em> here...Proud to be a joomler. Nowadays focusing on Joomla! 4.x Web Services Apis.""}, ""row1"":{""field2"":1410,""field1"":""This an article summary 2 for this dessert. <em>Short</em> & <em>Sweet!</em>"", ""field7"": ""What's up <strong>Super Joomlers!</strong> <em>Alex</em> here... Proud to be a joomler. Nowadays focusing on Joomla! 4.x Web Services Apis.""}, ""row2"":{""field2"":1410,""field1"":""This an article summary 3 for this dessert. <em>Short</em> & <em>Sweet!</em>"", ""field7"": ""What's up <strong>Super Joomlers!</strong> <em>Alex</em> here... Proud to be a joomler. Nowadays focusing on Joomla! 4.x Web Services Apis.""}}","{""image_intro"": ""https://example.org/sample-intro-image.jpg"", ""image_intro_caption"": ""sample intro image caption"", ""image_intro_alt"":""sample intro image alt text"", ""float_intro"":"""",""image_fulltext"": ""https://example.org/sample-full-image.jpg"", ""image_fulltext_caption"": ""sample full image caption"", ""image_fulltext_alt"":""sample full image alt text"", ""float_fulltext"":""""}","{""urla"":""https://apiadept.com"",""urlatext"":""Website"",""targeta"":"""",""urlb"":""https://github.com/alexandreelise"",""urlbtext"":""Github"",""targetb"":"""",""urlc"":""https://twitter.com/mralexandrelise"",""urlctext"":""Twitter"",""targetc"":""""}"
0,"app-001",1,"Datasource - Offline csv file – Sample Data : Line 9","line-9","line-",2,"Sample article text 9","Sample intro text 9",,"*",,,1,0,9,"{""row0"":{""field2"":1410,""field1"":""This an article summary 1 for this dessert. <em>Short</em> & <em>Sweet!</em>"", ""field7"": ""What's up <strong>Super Joomlers!</strong> <em>Alex</em> here...Proud to be a joomler. Nowadays focusing on Joomla! 4.x Web Services Apis.""}, ""row1"":{""field2"":1410,""field1"":""This an article summary 2 for this dessert. <em>Short</em> & <em>Sweet!</em>"", ""field7"": ""What's up <strong>Super Joomlers!</strong> <em>Alex</em> here... Proud to be a joomler. Nowadays focusing on Joomla! 4.x Web Services Apis.""}, ""row2"":{""field2"":1410,""field1"":""This an article summary 3 for this dessert. <em>Short</em> & <em>Sweet!</em>"", ""field7"": ""What's up <strong>Super Joomlers!</strong> <em>Alex</em> here... Proud to be a joomler. Nowadays focusing on Joomla! 4.x Web Services Apis.""}}","{""image_intro"": ""https://example.org/sample-intro-image.jpg"", ""image_intro_caption"": ""sample intro image caption"", ""image_intro_alt"":""sample intro image alt text"", ""float_intro"":"""",""image_fulltext"": ""https://example.org/sample-full-image.jpg"", ""image_fulltext_caption"": ""sample full image caption"", ""image_fulltext_alt"":""sample full image alt text"", ""float_fulltext"":""""}","{""urla"":""https://apiadept.com"",""urlatext"":""Website"",""targeta"":"""",""urlb"":""https://github.com/alexandreelise"",""urlbtext"":""Github"",""targetb"":"""",""urlc"":""https://twitter.com/mralexandrelise"",""urlctext"":""Twitter"",""targetc"":""""}"
0,"app-001",1,"Datasource - Offline csv file – Sample Data : Line 10","line-10","line-",2,"Sample article text 10","Sample intro text 10",,"*",,,1,0,10,"{""row0"":{""field2"":1410,""field1"":""This an article summary 1 for this dessert. <em>Short</em> & <em>Sweet!</em>"", ""field7"": ""What's up <strong>Super Joomlers!</strong> <em>Alex</em> here...Proud to be a joomler. Nowadays focusing on Joomla! 4.x Web Services Apis.""}, ""row1"":{""field2"":1410,""field1"":""This an article summary 2 for this dessert. <em>Short</em> & <em>Sweet!</em>"", ""field7"": ""What's up <strong>Super Joomlers!</strong> <em>Alex</em> here... Proud to be a joomler. Nowadays focusing on Joomla! 4.x Web Services Apis.""}, ""row2"":{""field2"":1410,""field1"":""This an article summary 3 for this dessert. <em>Short</em> & <em>Sweet!</em>"", ""field7"": ""What's up <strong>Super Joomlers!</strong> <em>Alex</em> here... Proud to be a joomler. Nowadays focusing on Joomla! 4.x Web Services Apis.""}}","{""image_intro"": ""https://example.org/sample-intro-image.jpg"", ""image_intro_caption"": ""sample intro image caption"", ""image_intro_alt"":""sample intro image alt text"", ""float_intro"":"""",""image_fulltext"": ""https://example.org/sample-full-image.jpg"", ""image_fulltext_caption"": ""sample full image caption"", ""image_fulltext_alt"":""sample full image alt text"", ""float_fulltext"":""""}","{""urla"":""https://apiadept.com"",""urlatext"":""Website"",""targeta"":"""",""urlb"":""https://github.com/alexandreelise"",""urlbtext"":""Github"",""targetb"":"""",""urlc"":""https://twitter.com/mralexandrelise"",""urlctext"":""Twitter"",""targetc"":""""}"
0,"app-001",1,"Datasource - Offline csv file – Sample Data : Line 11","line-11","line-",2,"Sample article text 11","Sample intro text 11",,"*",,,1,0,11,"{""row0"":{""field2"":1410,""field1"":""This an article summary 1 for this dessert. <em>Short</em> & <em>Sweet!</em>"", ""field7"": ""What's up <strong>Super Joomlers!</strong> <em>Alex</em> here...Proud to be a joomler. Nowadays focusing on Joomla! 4.x Web Services Apis.""}, ""row1"":{""field2"":1410,""field1"":""This an article summary 2 for this dessert. <em>Short</em> & <em>Sweet!</em>"", ""field7"": ""What's up <strong>Super Joomlers!</strong> <em>Alex</em> here... Proud to be a joomler. Nowadays focusing on Joomla! 4.x Web Services Apis.""}, ""row2"":{""field2"":1410,""field1"":""This an article summary 3 for this dessert. <em>Short</em> & <em>Sweet!</em>"", ""field7"": ""What's up <strong>Super Joomlers!</strong> <em>Alex</em> here... Proud to be a joomler. Nowadays focusing on Joomla! 4.x Web Services Apis.""}}","{""image_intro"": ""https://example.org/sample-intro-image.jpg"", ""image_intro_caption"": ""sample intro image caption"", ""image_intro_alt"":""sample intro image alt text"", ""float_intro"":"""",""image_fulltext"": ""https://example.org/sample-full-image.jpg"", ""image_fulltext_caption"": ""sample full image caption"", ""image_fulltext_alt"":""sample full image alt text"", ""float_fulltext"":""""}","{""urla"":""https://apiadept.com"",""urlatext"":""Website"",""targeta"":"""",""urlb"":""https://github.com/alexandreelise"",""urlbtext"":""Github"",""targetb"":"""",""urlc"":""https://twitter.com/mralexandrelise"",""urlctext"":""Twitter"",""targetc"":""""}"
0,"app-001",1,"Datasource - Offline csv file – Sample Data : Line 12","line-12","line-",2,"Sample article text 12","Sample intro text 12",,"*",,,1,0,12,"{""row0"":{""field2"":1410,""field1"":""This an article summary 1 for this dessert. <em>Short</em> & <em>Sweet!</em>"", ""field7"": ""What's up <strong>Super Joomlers!</strong> <em>Alex</em> here...Proud to be a joomler. Nowadays focusing on Joomla! 4.x Web Services Apis.""}, ""row1"":{""field2"":1410,""field1"":""This an article summary 2 for this dessert. <em>Short</em> & <em>Sweet!</em>"", ""field7"": ""What's up <strong>Super Joomlers!</strong> <em>Alex</em> here... Proud to be a joomler. Nowadays focusing on Joomla! 4.x Web Services Apis.""}, ""row2"":{""field2"":1410,""field1"":""This an article summary 3 for this dessert. <em>Short</em> & <em>Sweet!</em>"", ""field7"": ""What's up <strong>Super Joomlers!</strong> <em>Alex</em> here... Proud to be a joomler. Nowadays focusing on Joomla! 4.x Web Services Apis.""}}","{""image_intro"": ""https://example.org/sample-intro-image.jpg"", ""image_intro_caption"": ""sample intro image caption"", ""image_intro_alt"":""sample intro image alt text"", ""float_intro"":"""",""image_fulltext"": ""https://example.org/sample-full-image.jpg"", ""image_fulltext_caption"": ""sample full image caption"", ""image_fulltext_alt"":""sample full image alt text"", ""float_fulltext"":""""}","{""urla"":""https://apiadept.com"",""urlatext"":""Website"",""targeta"":"""",""urlb"":""https://github.com/alexandreelise"",""urlbtext"":""Github"",""targetb"":"""",""urlc"":""https://twitter.com/mralexandrelise"",""urlctext"":""Twitter"",""targetc"":""""}"
0,"app-001",1,"Datasource - Offline csv file – Sample Data : Line 13","line-13","line-",2,"Sample article text 13","Sample intro text 13",,"*",,,1,0,13,"{""row0"":{""field2"":1410,""field1"":""This an article summary 1 for this dessert. <em>Short</em> & <em>Sweet!</em>"", ""field7"": ""What's up <strong>Super Joomlers!</strong> <em>Alex</em> here...Proud to be a joomler. Nowadays focusing on Joomla! 4.x Web Services Apis.""}, ""row1"":{""field2"":1410,""field1"":""This an article summary 2 for this dessert. <em>Short</em> & <em>Sweet!</em>"", ""field7"": ""What's up <strong>Super Joomlers!</strong> <em>Alex</em> here... Proud to be a joomler. Nowadays focusing on Joomla! 4.x Web Services Apis.""}, ""row2"":{""field2"":1410,""field1"":""This an article summary 3 for this dessert. <em>Short</em> & <em>Sweet!</em>"", ""field7"": ""What's up <strong>Super Joomlers!</strong> <em>Alex</em> here... Proud to be a joomler. Nowadays focusing on Joomla! 4.x Web Services Apis.""}}","{""image_intro"": ""https://example.org/sample-intro-image.jpg"", ""image_intro_caption"": ""sample intro image caption"", ""image_intro_alt"":""sample intro image alt text"", ""float_intro"":"""",""image_fulltext"": ""https://example.org/sample-full-image.jpg"", ""image_fulltext_caption"": ""sample full image caption"", ""image_fulltext_alt"":""sample full image alt text"", ""float_fulltext"":""""}","{""urla"":""https://apiadept.com"",""urlatext"":""Website"",""targeta"":"""",""urlb"":""https://github.com/alexandreelise"",""urlbtext"":""Github"",""targetb"":"""",""urlc"":""https://twitter.com/mralexandrelise"",""urlctext"":""Twitter"",""targetc"":""""}"
0,"app-001",1,"Datasource - Offline csv file – Sample Data : Line 14","line-14","line-",2,"Sample article text 14","Sample intro text 14",,"*",,,1,0,14,"{""row0"":{""field2"":1410,""field1"":""This an article summary 1 for this dessert. <em>Short</em> & <em>Sweet!</em>"", ""field7"": ""What's up <strong>Super Joomlers!</strong> <em>Alex</em> here...Proud to be a joomler. Nowadays focusing on Joomla! 4.x Web Services Apis.""}, ""row1"":{""field2"":1410,""field1"":""This an article summary 2 for this dessert. <em>Short</em> & <em>Sweet!</em>"", ""field7"": ""What's up <strong>Super Joomlers!</strong> <em>Alex</em> here... Proud to be a joomler. Nowadays focusing on Joomla! 4.x Web Services Apis.""}, ""row2"":{""field2"":1410,""field1"":""This an article summary 3 for this dessert. <em>Short</em> & <em>Sweet!</em>"", ""field7"": ""What's up <strong>Super Joomlers!</strong> <em>Alex</em> here... Proud to be a joomler. Nowadays focusing on Joomla! 4.x Web Services Apis.""}}","{""image_intro"": ""https://example.org/sample-intro-image.jpg"", ""image_intro_caption"": ""sample intro image caption"", ""image_intro_alt"":""sample intro image alt text"", ""float_intro"":"""",""image_fulltext"": ""https://example.org/sample-full-image.jpg"", ""image_fulltext_caption"": ""sample full image caption"", ""image_fulltext_alt"":""sample full image alt text"", ""float_fulltext"":""""}","{""urla"":""https://apiadept.com"",""urlatext"":""Website"",""targeta"":"""",""urlb"":""https://github.com/alexandreelise"",""urlbtext"":""Github"",""targetb"":"""",""urlc"":""https://twitter.com/mralexandrelise"",""urlctext"":""Twitter"",""targetc"":""""}"
0,"app-001",1,"Datasource - Offline csv file – Sample Data : Line 15","line-15","line-",2,"Sample article text 15","Sample intro text 15",,"*",,,1,0,15,"{""row0"":{""field2"":1410,""field1"":""This an article summary 1 for this dessert. <em>Short</em> & <em>Sweet!</em>"", ""field7"": ""What's up <strong>Super Joomlers!</strong> <em>Alex</em> here...Proud to be a joomler. Nowadays focusing on Joomla! 4.x Web Services Apis.""}, ""row1"":{""field2"":1410,""field1"":""This an article summary 2 for this dessert. <em>Short</em> & <em>Sweet!</em>"", ""field7"": ""What's up <strong>Super Joomlers!</strong> <em>Alex</em> here... Proud to be a joomler. Nowadays focusing on Joomla! 4.x Web Services Apis.""}, ""row2"":{""field2"":1410,""field1"":""This an article summary 3 for this dessert. <em>Short</em> & <em>Sweet!</em>"", ""field7"": ""What's up <strong>Super Joomlers!</strong> <em>Alex</em> here... Proud to be a joomler. Nowadays focusing on Joomla! 4.x Web Services Apis.""}}","{""image_intro"": ""https://example.org/sample-intro-image.jpg"", ""image_intro_caption"": ""sample intro image caption"", ""image_intro_alt"":""sample intro image alt text"", ""float_intro"":"""",""image_fulltext"": ""https://example.org/sample-full-image.jpg"", ""image_fulltext_caption"": ""sample full image caption"", ""image_fulltext_alt"":""sample full image alt text"", ""float_fulltext"":""""}","{""urla"":""https://apiadept.com"",""urlatext"":""Website"",""targeta"":"""",""urlb"":""https://github.com/alexandreelise"",""urlbtext"":""Github"",""targetb"":"""",""urlc"":""https://twitter.com/mralexandrelise"",""urlctext"":""Twitter"",""targetc"":""""}"
0,"app-001",1,"Datasource - Offline csv file – Sample Data : Line 16","line-16","line-",2,"Sample article text 16","Sample intro text 16",,"*",,,1,0,16,"{""row0"":{""field2"":1410,""field1"":""This an article summary 1 for this dessert. <em>Short</em> & <em>Sweet!</em>"", ""field7"": ""What's up <strong>Super Joomlers!</strong> <em>Alex</em> here...Proud to be a joomler. Nowadays focusing on Joomla! 4.x Web Services Apis.""}, ""row1"":{""field2"":1410,""field1"":""This an article summary 2 for this dessert. <em>Short</em> & <em>Sweet!</em>"", ""field7"": ""What's up <strong>Super Joomlers!</strong> <em>Alex</em> here... Proud to be a joomler. Nowadays focusing on Joomla! 4.x Web Services Apis.""}, ""row2"":{""field2"":1410,""field1"":""This an article summary 3 for this dessert. <em>Short</em> & <em>Sweet!</em>"", ""field7"": ""What's up <strong>Super Joomlers!</strong> <em>Alex</em> here... Proud to be a joomler. Nowadays focusing on Joomla! 4.x Web Services Apis.""}}","{""image_intro"": ""https://example.org/sample-intro-image.jpg"", ""image_intro_caption"": ""sample intro image caption"", ""image_intro_alt"":""sample intro image alt text"", ""float_intro"":"""",""image_fulltext"": ""https://example.org/sample-full-image.jpg"", ""image_fulltext_caption"": ""sample full image caption"", ""image_fulltext_alt"":""sample full image alt text"", ""float_fulltext"":""""}","{""urla"":""https://apiadept.com"",""urlatext"":""Website"",""targeta"":"""",""urlb"":""https://github.com/alexandreelise"",""urlbtext"":""Github"",""targetb"":"""",""urlc"":""https://twitter.com/mralexandrelise"",""urlctext"":""Twitter"",""targetc"":""""}"
0,"app-001",1,"Datasource - Offline csv file – Sample Data : Line 17","line-17","line-",2,"Sample article text 17","Sample intro text 17",,"*",,,1,0,17,"{""row0"":{""field2"":1410,""field1"":""This an article summary 1 for this dessert. <em>Short</em> & <em>Sweet!</em>"", ""field7"": ""What's up <strong>Super Joomlers!</strong> <em>Alex</em> here...Proud to be a joomler. Nowadays focusing on Joomla! 4.x Web Services Apis.""}, ""row1"":{""field2"":1410,""field1"":""This an article summary 2 for this dessert. <em>Short</em> & <em>Sweet!</em>"", ""field7"": ""What's up <strong>Super Joomlers!</strong> <em>Alex</em> here... Proud to be a joomler. Nowadays focusing on Joomla! 4.x Web Services Apis.""}, ""row2"":{""field2"":1410,""field1"":""This an article summary 3 for this dessert. <em>Short</em> & <em>Sweet!</em>"", ""field7"": ""What's up <strong>Super Joomlers!</strong> <em>Alex</em> here... Proud to be a joomler. Nowadays focusing on Joomla! 4.x Web Services Apis.""}}","{""image_intro"": ""https://example.org/sample-intro-image.jpg"", ""image_intro_caption"": ""sample intro image caption"", ""image_intro_alt"":""sample intro image alt text"", ""float_intro"":"""",""image_fulltext"": ""https://example.org/sample-full-image.jpg"", ""image_fulltext_caption"": ""sample full image caption"", ""image_fulltext_alt"":""sample full image alt text"", ""float_fulltext"":""""}","{""urla"":""https://apiadept.com"",""urlatext"":""Website"",""targeta"":"""",""urlb"":""https://github.com/alexandreelise"",""urlbtext"":""Github"",""targetb"":"""",""urlc"":""https://twitter.com/mralexandrelise"",""urlctext"":""Twitter"",""targetc"":""""}"
0,"app-001",1,"Datasource - Offline csv file – Sample Data : Line 18","line-18","line-",2,"Sample article text 18","Sample intro text 18",,"*",,,1,0,18,"{""row0"":{""field2"":1410,""field1"":""This an article summary 1 for this dessert. <em>Short</em> & <em>Sweet!</em>"", ""field7"": ""What's up <strong>Super Joomlers!</strong> <em>Alex</em> here...Proud to be a joomler. Nowadays focusing on Joomla! 4.x Web Services Apis.""}, ""row1"":{""field2"":1410,""field1"":""This an article summary 2 for this dessert. <em>Short</em> & <em>Sweet!</em>"", ""field7"": ""What's up <strong>Super Joomlers!</strong> <em>Alex</em> here... Proud to be a joomler. Nowadays focusing on Joomla! 4.x Web Services Apis.""}, ""row2"":{""field2"":1410,""field1"":""This an article summary 3 for this dessert. <em>Short</em> & <em>Sweet!</em>"", ""field7"": ""What's up <strong>Super Joomlers!</strong> <em>Alex</em> here... Proud to be a joomler. Nowadays focusing on Joomla! 4.x Web Services Apis.""}}","{""image_intro"": ""https://example.org/sample-intro-image.jpg"", ""image_intro_caption"": ""sample intro image caption"", ""image_intro_alt"":""sample intro image alt text"", ""float_intro"":"""",""image_fulltext"": ""https://example.org/sample-full-image.jpg"", ""image_fulltext_caption"": ""sample full image caption"", ""image_fulltext_alt"":""sample full image alt text"", ""float_fulltext"":""""}","{""urla"":""https://apiadept.com"",""urlatext"":""Website"",""targeta"":"""",""urlb"":""https://github.com/alexandreelise"",""urlbtext"":""Github"",""targetb"":"""",""urlc"":""https://twitter.com/mralexandrelise"",""urlctext"":""Twitter"",""targetc"":""""}"
0,"app-001",1,"Datasource - Offline csv file – Sample Data : Line 19","line-19","line-",2,"Sample article text 19","Sample intro text 19",,"*",,,1,0,19,"{""row0"":{""field2"":1410,""field1"":""This an article summary 1 for this dessert. <em>Short</em> & <em>Sweet!</em>"", ""field7"": ""What's up <strong>Super Joomlers!</strong> <em>Alex</em> here...Proud to be a joomler. Nowadays focusing on Joomla! 4.x Web Services Apis.""}, ""row1"":{""field2"":1410,""field1"":""This an article summary 2 for this dessert. <em>Short</em> & <em>Sweet!</em>"", ""field7"": ""What's up <strong>Super Joomlers!</strong> <em>Alex</em> here... Proud to be a joomler. Nowadays focusing on Joomla! 4.x Web Services Apis.""}, ""row2"":{""field2"":1410,""field1"":""This an article summary 3 for this dessert. <em>Short</em> & <em>Sweet!</em>"", ""field7"": ""What's up <strong>Super Joomlers!</strong> <em>Alex</em> here... Proud to be a joomler. Nowadays focusing on Joomla! 4.x Web Services Apis.""}}","{""image_intro"": ""https://example.org/sample-intro-image.jpg"", ""image_intro_caption"": ""sample intro image caption"", ""image_intro_alt"":""sample intro image alt text"", ""float_intro"":"""",""image_fulltext"": ""https://example.org/sample-full-image.jpg"", ""image_fulltext_caption"": ""sample full image caption"", ""image_fulltext_alt"":""sample full image alt text"", ""float_fulltext"":""""}","{""urla"":""https://apiadept.com"",""urlatext"":""Website"",""targeta"":"""",""urlb"":""https://github.com/alexandreelise"",""urlbtext"":""Github"",""targetb"":"""",""urlc"":""https://twitter.com/mralexandrelise"",""urlctext"":""Twitter"",""targetc"":""""}"
0,"app-001",1,"Datasource - Offline csv file – Sample Data : Line 20","line-20","line-",2,"Sample article text 20","Sample intro text 20",,"*",,,1,0,20,"{""row0"":{""field2"":1410,""field1"":""This an article summary 1 for this dessert. <em>Short</em> & <em>Sweet!</em>"", ""field7"": ""What's up <strong>Super Joomlers!</strong> <em>Alex</em> here...Proud to be a joomler. Nowadays focusing on Joomla! 4.x Web Services Apis.""}, ""row1"":{""field2"":1410,""field1"":""This an article summary 2 for this dessert. <em>Short</em> & <em>Sweet!</em>"", ""field7"": ""What's up <strong>Super Joomlers!</strong> <em>Alex</em> here... Proud to be a joomler. Nowadays focusing on Joomla! 4.x Web Services Apis.""}, ""row2"":{""field2"":1410,""field1"":""This an article summary 3 for this dessert. <em>Short</em> & <em>Sweet!</em>"", ""field7"": ""What's up <strong>Super Joomlers!</strong> <em>Alex</em> here... Proud to be a joomler. Nowadays focusing on Joomla! 4.x Web Services Apis.""}}","{""image_intro"": ""https://example.org/sample-intro-image.jpg"", ""image_intro_caption"": ""sample intro image caption"", ""image_intro_alt"":""sample intro image alt text"", ""float_intro"":"""",""image_fulltext"": ""https://example.org/sample-full-image.jpg"", ""image_fulltext_caption"": ""sample full image caption"", ""image_fulltext_alt"":""sample full image alt text"", ""float_fulltext"":""""}","{""urla"":""https://apiadept.com"",""urlatext"":""Website"",""targeta"":"""",""urlb"":""https://github.com/alexandreelise"",""urlbtext"":""Github"",""targetb"":"""",""urlc"":""https://twitter.com/mralexandrelise"",""urlctext"":""Twitter"",""targetc"":""""}"
0,"app-001",1,"Datasource - Offline csv file – Sample Data : Line 21","line-21","line-",2,"Sample article text 21","Sample intro text 21",,"*",,,1,0,21,"{""row0"":{""field2"":1410,""field1"":""This an article summary 1 for this dessert. <em>Short</em> & <em>Sweet!</em>"", ""field7"": ""What's up <strong>Super Joomlers!</strong> <em>Alex</em> here...Proud to be a joomler. Nowadays focusing on Joomla! 4.x Web Services Apis.""}, ""row1"":{""field2"":1410,""field1"":""This an article summary 2 for this dessert. <em>Short</em> & <em>Sweet!</em>"", ""field7"": ""What's up <strong>Super Joomlers!</strong> <em>Alex</em> here... Proud to be a joomler. Nowadays focusing on Joomla! 4.x Web Services Apis.""}, ""row2"":{""field2"":1410,""field1"":""This an article summary 3 for this dessert. <em>Short</em> & <em>Sweet!</em>"", ""field7"": ""What's up <strong>Super Joomlers!</strong> <em>Alex</em> here... Proud to be a joomler. Nowadays focusing on Joomla! 4.x Web Services Apis.""}}","{""image_intro"": ""https://example.org/sample-intro-image.jpg"", ""image_intro_caption"": ""sample intro image caption"", ""image_intro_alt"":""sample intro image alt text"", ""float_intro"":"""",""image_fulltext"": ""https://example.org/sample-full-image.jpg"", ""image_fulltext_caption"": ""sample full image caption"", ""image_fulltext_alt"":""sample full image alt text"", ""float_fulltext"":""""}","{""urla"":""https://apiadept.com"",""urlatext"":""Website"",""targeta"":"""",""urlb"":""https://github.com/alexandreelise"",""urlbtext"":""Github"",""targetb"":"""",""urlc"":""https://twitter.com/mralexandrelise"",""urlctext"":""Twitter"",""targetc"":""""}"
0,"app-001",1,"Datasource - Offline csv file – Sample Data : Line 22","line-22","line-",2,"Sample article text 22","Sample intro text 22",,"*",,,1,0,22,"{""row0"":{""field2"":1410,""field1"":""This an article summary 1 for this dessert. <em>Short</em> & <em>Sweet!</em>"", ""field7"": ""What's up <strong>Super Joomlers!</strong> <em>Alex</em> here...Proud to be a joomler. Nowadays focusing on Joomla! 4.x Web Services Apis.""}, ""row1"":{""field2"":1410,""field1"":""This an article summary 2 for this dessert. <em>Short</em> & <em>Sweet!</em>"", ""field7"": ""What's up <strong>Super Joomlers!</strong> <em>Alex</em> here... Proud to be a joomler. Nowadays focusing on Joomla! 4.x Web Services Apis.""}, ""row2"":{""field2"":1410,""field1"":""This an article summary 3 for this dessert. <em>Short</em> & <em>Sweet!</em>"", ""field7"": ""What's up <strong>Super Joomlers!</strong> <em>Alex</em> here... Proud to be a joomler. Nowadays focusing on Joomla! 4.x Web Services Apis.""}}","{""image_intro"": ""https://example.org/sample-intro-image.jpg"", ""image_intro_caption"": ""sample intro image caption"", ""image_intro_alt"":""sample intro image alt text"", ""float_intro"":"""",""image_fulltext"": ""https://example.org/sample-full-image.jpg"", ""image_fulltext_caption"": ""sample full image caption"", ""image_fulltext_alt"":""sample full image alt text"", ""float_fulltext"":""""}","{""urla"":""https://apiadept.com"",""urlatext"":""Website"",""targeta"":"""",""urlb"":""https://github.com/alexandreelise"",""urlbtext"":""Github"",""targetb"":"""",""urlc"":""https://twitter.com/mralexandrelise"",""urlctext"":""Twitter"",""targetc"":""""}"
0,"app-001",1,"Datasource - Offline csv file – Sample Data : Line 23","line-23","line-",2,"Sample article text 23","Sample intro text 23",,"*",,,1,0,23,"{""row0"":{""field2"":1410,""field1"":""This an article summary 1 for this dessert. <em>Short</em> & <em>Sweet!</em>"", ""field7"": ""What's up <strong>Super Joomlers!</strong> <em>Alex</em> here...Proud to be a joomler. Nowadays focusing on Joomla! 4.x Web Services Apis.""}, ""row1"":{""field2"":1410,""field1"":""This an article summary 2 for this dessert. <em>Short</em> & <em>Sweet!</em>"", ""field7"": ""What's up <strong>Super Joomlers!</strong> <em>Alex</em> here... Proud to be a joomler. Nowadays focusing on Joomla! 4.x Web Services Apis.""}, ""row2"":{""field2"":1410,""field1"":""This an article summary 3 for this dessert. <em>Short</em> & <em>Sweet!</em>"", ""field7"": ""What's up <strong>Super Joomlers!</strong> <em>Alex</em> here... Proud to be a joomler. Nowadays focusing on Joomla! 4.x Web Services Apis.""}}","{""image_intro"": ""https://example.org/sample-intro-image.jpg"", ""image_intro_caption"": ""sample intro image caption"", ""image_intro_alt"":""sample intro image alt text"", ""float_intro"":"""",""image_fulltext"": ""https://example.org/sample-full-image.jpg"", ""image_fulltext_caption"": ""sample full image caption"", ""image_fulltext_alt"":""sample full image alt text"", ""float_fulltext"":""""}","{""urla"":""https://apiadept.com"",""urlatext"":""Website"",""targeta"":"""",""urlb"":""https://github.com/alexandreelise"",""urlbtext"":""Github"",""targetb"":"""",""urlc"":""https://twitter.com/mralexandrelise"",""urlctext"":""Twitter"",""targetc"":""""}"
0,"app-001",1,"Datasource - Offline csv file – Sample Data : Line 24","line-24","line-",2,"Sample article text 24","Sample intro text 24",,"*",,,1,0,24,"{""row0"":{""field2"":1410,""field1"":""This an article summary 1 for this dessert. <em>Short</em> & <em>Sweet!</em>"", ""field7"": ""What's up <strong>Super Joomlers!</strong> <em>Alex</em> here...Proud to be a joomler. Nowadays focusing on Joomla! 4.x Web Services Apis.""}, ""row1"":{""field2"":1410,""field1"":""This an article summary 2 for this dessert. <em>Short</em> & <em>Sweet!</em>"", ""field7"": ""What's up <strong>Super Joomlers!</strong> <em>Alex</em> here... Proud to be a joomler. Nowadays focusing on Joomla! 4.x Web Services Apis.""}, ""row2"":{""field2"":1410,""field1"":""This an article summary 3 for this dessert. <em>Short</em> & <em>Sweet!</em>"", ""field7"": ""What's up <strong>Super Joomlers!</strong> <em>Alex</em> here... Proud to be a joomler. Nowadays focusing on Joomla! 4.x Web Services Apis.""}}","{""image_intro"": ""https://example.org/sample-intro-image.jpg"", ""image_intro_caption"": ""sample intro image caption"", ""image_intro_alt"":""sample intro image alt text"", ""float_intro"":"""",""image_fulltext"": ""https://example.org/sample-full-image.jpg"", ""image_fulltext_caption"": ""sample full image caption"", ""image_fulltext_alt"":""sample full image alt text"", ""float_fulltext"":""""}","{""urla"":""https://apiadept.com"",""urlatext"":""Website"",""targeta"":"""",""urlb"":""https://github.com/alexandreelise"",""urlbtext"":""Github"",""targetb"":"""",""urlc"":""https://twitter.com/mralexandrelise"",""urlctext"":""Twitter"",""targetc"":""""}"
0,"app-001",1,"Datasource - Offline csv file – Sample Data : Line 25","line-25","line-",2,"Sample article text 25","Sample intro text 25",,"*",,,1,0,25,"{""row0"":{""field2"":1410,""field1"":""This an article summary 1 for this dessert. <em>Short</em> & <em>Sweet!</em>"", ""field7"": ""What's up <strong>Super Joomlers!</strong> <em>Alex</em> here...Proud to be a joomler. Nowadays focusing on Joomla! 4.x Web Services Apis.""}, ""row1"":{""field2"":1410,""field1"":""This an article summary 2 for this dessert. <em>Short</em> & <em>Sweet!</em>"", ""field7"": ""What's up <strong>Super Joomlers!</strong> <em>Alex</em> here... Proud to be a joomler. Nowadays focusing on Joomla! 4.x Web Services Apis.""}, ""row2"":{""field2"":1410,""field1"":""This an article summary 3 for this dessert. <em>Short</em> & <em>Sweet!</em>"", ""field7"": ""What's up <strong>Super Joomlers!</strong> <em>Alex</em> here... Proud to be a joomler. Nowadays focusing on Joomla! 4.x Web Services Apis.""}}","{""image_intro"": ""https://example.org/sample-intro-image.jpg"", ""image_intro_caption"": ""sample intro image caption"", ""image_intro_alt"":""sample intro image alt text"", ""float_intro"":"""",""image_fulltext"": ""https://example.org/sample-full-image.jpg"", ""image_fulltext_caption"": ""sample full image caption"", ""image_fulltext_alt"":""sample full image alt text"", ""float_fulltext"":""""}","{""urla"":""https://apiadept.com"",""urlatext"":""Website"",""targeta"":"""",""urlb"":""https://github.com/alexandreelise"",""urlbtext"":""Github"",""targetb"":"""",""urlc"":""https://twitter.com/mralexandrelise"",""urlctext"":""Twitter"",""targetc"":""""}"
0,"app-001",1,"Datasource - Offline csv file – Sample Data : Line 26","line-26","line-",2,"Sample article text 26","Sample intro text 26",,"*",,,1,0,26,"{""row0"":{""field2"":1410,""field1"":""This an article summary 1 for this dessert. <em>Short</em> & <em>Sweet!</em>"", ""field7"": ""What's up <strong>Super Joomlers!</strong> <em>Alex</em> here...Proud to be a joomler. Nowadays focusing on Joomla! 4.x Web Services Apis.""}, ""row1"":{""field2"":1410,""field1"":""This an article summary 2 for this dessert. <em>Short</em> & <em>Sweet!</em>"", ""field7"": ""What's up <strong>Super Joomlers!</strong> <em>Alex</em> here... Proud to be a joomler. Nowadays focusing on Joomla! 4.x Web Services Apis.""}, ""row2"":{""field2"":1410,""field1"":""This an article summary 3 for this dessert. <em>Short</em> & <em>Sweet!</em>"", ""field7"": ""What's up <strong>Super Joomlers!</strong> <em>Alex</em> here... Proud to be a joomler. Nowadays focusing on Joomla! 4.x Web Services Apis.""}}","{""image_intro"": ""https://example.org/sample-intro-image.jpg"", ""image_intro_caption"": ""sample intro image caption"", ""image_intro_alt"":""sample intro image alt text"", ""float_intro"":"""",""image_fulltext"": ""https://example.org/sample-full-image.jpg"", ""image_fulltext_caption"": ""sample full image caption"", ""image_fulltext_alt"":""sample full image alt text"", ""float_fulltext"":""""}","{""urla"":""https://apiadept.com"",""urlatext"":""Website"",""targeta"":"""",""urlb"":""https://github.com/alexandreelise"",""urlbtext"":""Github"",""targetb"":"""",""urlc"":""https://twitter.com/mralexandrelise"",""urlctext"":""Twitter"",""targetc"":""""}"
0,"app-001",1,"Datasource - Offline csv file – Sample Data : Line 27","line-27","line-",2,"Sample article text 27","Sample intro text 27",,"*",,,1,0,27,"{""row0"":{""field2"":1410,""field1"":""This an article summary 1 for this dessert. <em>Short</em> & <em>Sweet!</em>"", ""field7"": ""What's up <strong>Super Joomlers!</strong> <em>Alex</em> here...Proud to be a joomler. Nowadays focusing on Joomla! 4.x Web Services Apis.""}, ""row1"":{""field2"":1410,""field1"":""This an article summary 2 for this dessert. <em>Short</em> & <em>Sweet!</em>"", ""field7"": ""What's up <strong>Super Joomlers!</strong> <em>Alex</em> here... Proud to be a joomler. Nowadays focusing on Joomla! 4.x Web Services Apis.""}, ""row2"":{""field2"":1410,""field1"":""This an article summary 3 for this dessert. <em>Short</em> & <em>Sweet!</em>"", ""field7"": ""What's up <strong>Super Joomlers!</strong> <em>Alex</em> here... Proud to be a joomler. Nowadays focusing on Joomla! 4.x Web Services Apis.""}}","{""image_intro"": ""https://example.org/sample-intro-image.jpg"", ""image_intro_caption"": ""sample intro image caption"", ""image_intro_alt"":""sample intro image alt text"", ""float_intro"":"""",""image_fulltext"": ""https://example.org/sample-full-image.jpg"", ""image_fulltext_caption"": ""sample full image caption"", ""image_fulltext_alt"":""sample full image alt text"", ""float_fulltext"":""""}","{""urla"":""https://apiadept.com"",""urlatext"":""Website"",""targeta"":"""",""urlb"":""https://github.com/alexandreelise"",""urlbtext"":""Github"",""targetb"":"""",""urlc"":""https://twitter.com/mralexandrelise"",""urlctext"":""Twitter"",""targetc"":""""}"
0,"app-001",1,"Datasource - Offline csv file – Sample Data : Line 28","line-28","line-",2,"Sample article text 28","Sample intro text 28",,"*",,,1,0,28,"{""row0"":{""field2"":1410,""field1"":""This an article summary 1 for this dessert. <em>Short</em> & <em>Sweet!</em>"", ""field7"": ""What's up <strong>Super Joomlers!</strong> <em>Alex</em> here...Proud to be a joomler. Nowadays focusing on Joomla! 4.x Web Services Apis.""}, ""row1"":{""field2"":1410,""field1"":""This an article summary 2 for this dessert. <em>Short</em> & <em>Sweet!</em>"", ""field7"": ""What's up <strong>Super Joomlers!</strong> <em>Alex</em> here... Proud to be a joomler. Nowadays focusing on Joomla! 4.x Web Services Apis.""}, ""row2"":{""field2"":1410,""field1"":""This an article summary 3 for this dessert. <em>Short</em> & <em>Sweet!</em>"", ""field7"": ""What's up <strong>Super Joomlers!</strong> <em>Alex</em> here... Proud to be a joomler. Nowadays focusing on Joomla! 4.x Web Services Apis.""}}","{""image_intro"": ""https://example.org/sample-intro-image.jpg"", ""image_intro_caption"": ""sample intro image caption"", ""image_intro_alt"":""sample intro image alt text"", ""float_intro"":"""",""image_fulltext"": ""https://example.org/sample-full-image.jpg"", ""image_fulltext_caption"": ""sample full image caption"", ""image_fulltext_alt"":""sample full image alt text"", ""float_fulltext"":""""}","{""urla"":""https://apiadept.com"",""urlatext"":""Website"",""targeta"":"""",""urlb"":""https://github.com/alexandreelise"",""urlbtext"":""Github"",""targetb"":"""",""urlc"":""https://twitter.com/mralexandrelise"",""urlctext"":""Twitter"",""targetc"":""""}"
0,"app-001",1,"Datasource - Offline csv file – Sample Data : Line 29","line-29","line-",2,"Sample article text 29","Sample intro text 29",,"*",,,1,0,29,"{""row0"":{""field2"":1410,""field1"":""This an article summary 1 for this dessert. <em>Short</em> & <em>Sweet!</em>"", ""field7"": ""What's up <strong>Super Joomlers!</strong> <em>Alex</em> here...Proud to be a joomler. Nowadays focusing on Joomla! 4.x Web Services Apis.""}, ""row1"":{""field2"":1410,""field1"":""This an article summary 2 for this dessert. <em>Short</em> & <em>Sweet!</em>"", ""field7"": ""What's up <strong>Super Joomlers!</strong> <em>Alex</em> here... Proud to be a joomler. Nowadays focusing on Joomla! 4.x Web Services Apis.""}, ""row2"":{""field2"":1410,""field1"":""This an article summary 3 for this dessert. <em>Short</em> & <em>Sweet!</em>"", ""field7"": ""What's up <strong>Super Joomlers!</strong> <em>Alex</em> here... Proud to be a joomler. Nowadays focusing on Joomla! 4.x Web Services Apis.""}}","{""image_intro"": ""https://example.org/sample-intro-image.jpg"", ""image_intro_caption"": ""sample intro image caption"", ""image_intro_alt"":""sample intro image alt text"", ""float_intro"":"""",""image_fulltext"": ""https://example.org/sample-full-image.jpg"", ""image_fulltext_caption"": ""sample full image caption"", ""image_fulltext_alt"":""sample full image alt text"", ""float_fulltext"":""""}","{""urla"":""https://apiadept.com"",""urlatext"":""Website"",""targeta"":"""",""urlb"":""https://github.com/alexandreelise"",""urlbtext"":""Github"",""targetb"":"""",""urlc"":""https://twitter.com/mralexandrelise"",""urlctext"":""Twitter"",""targetc"":""""}"
0,"app-001",1,"Datasource - Offline csv file – Sample Data : Line 30","line-30","line-",2,"Sample article text 30","Sample intro text 30",,"*",,,1,0,30,"{""row0"":{""field2"":1410,""field1"":""This an article summary 1 for this dessert. <em>Short</em> & <em>Sweet!</em>"", ""field7"": ""What's up <strong>Super Joomlers!</strong> <em>Alex</em> here...Proud to be a joomler. Nowadays focusing on Joomla! 4.x Web Services Apis.""}, ""row1"":{""field2"":1410,""field1"":""This an article summary 2 for this dessert. <em>Short</em> & <em>Sweet!</em>"", ""field7"": ""What's up <strong>Super Joomlers!</strong> <em>Alex</em> here... Proud to be a joomler. Nowadays focusing on Joomla! 4.x Web Services Apis.""}, ""row2"":{""field2"":1410,""field1"":""This an article summary 3 for this dessert. <em>Short</em> & <em>Sweet!</em>"", ""field7"": ""What's up <strong>Super Joomlers!</strong> <em>Alex</em> here... Proud to be a joomler. Nowadays focusing on Joomla! 4.x Web Services Apis.""}}","{""image_intro"": ""https://example.org/sample-intro-image.jpg"", ""image_intro_caption"": ""sample intro image caption"", ""image_intro_alt"":""sample intro image alt text"", ""float_intro"":"""",""image_fulltext"": ""https://example.org/sample-full-image.jpg"", ""image_fulltext_caption"": ""sample full image caption"", ""image_fulltext_alt"":""sample full image alt text"", ""float_fulltext"":""""}","{""urla"":""https://apiadept.com"",""urlatext"":""Website"",""targeta"":"""",""urlb"":""https://github.com/alexandreelise"",""urlbtext"":""Github"",""targetb"":"""",""urlc"":""https://twitter.com/mralexandrelise"",""urlctext"":""Twitter"",""targetc"":""""}"
0,"app-001",1,"Datasource - Offline csv file – Sample Data : Line 31","line-31","line-",2,"Sample article text 31","Sample intro text 31",,"*",,,1,0,31,"{""row0"":{""field2"":1410,""field1"":""This an article summary 1 for this dessert. <em>Short</em> & <em>Sweet!</em>"", ""field7"": ""What's up <strong>Super Joomlers!</strong> <em>Alex</em> here...Proud to be a joomler. Nowadays focusing on Joomla! 4.x Web Services Apis.""}, ""row1"":{""field2"":1410,""field1"":""This an article summary 2 for this dessert. <em>Short</em> & <em>Sweet!</em>"", ""field7"": ""What's up <strong>Super Joomlers!</strong> <em>Alex</em> here... Proud to be a joomler. Nowadays focusing on Joomla! 4.x Web Services Apis.""}, ""row2"":{""field2"":1410,""field1"":""This an article summary 3 for this dessert. <em>Short</em> & <em>Sweet!</em>"", ""field7"": ""What's up <strong>Super Joomlers!</strong> <em>Alex</em> here... Proud to be a joomler. Nowadays focusing on Joomla! 4.x Web Services Apis.""}}","{""image_intro"": ""https://example.org/sample-intro-image.jpg"", ""image_intro_caption"": ""sample intro image caption"", ""image_intro_alt"":""sample intro image alt text"", ""float_intro"":"""",""image_fulltext"": ""https://example.org/sample-full-image.jpg"", ""image_fulltext_caption"": ""sample full image caption"", ""image_fulltext_alt"":""sample full image alt text"", ""float_fulltext"":""""}","{""urla"":""https://apiadept.com"",""urlatext"":""Website"",""targeta"":"""",""urlb"":""https://github.com/alexandreelise"",""urlbtext"":""Github"",""targetb"":"""",""urlc"":""https://twitter.com/mralexandrelise"",""urlctext"":""Twitter"",""targetc"":""""}"
0,"app-001",1,"Datasource - Offline csv file – Sample Data : Line 32","line-32","line-",2,"Sample article text 32","Sample intro text 32",,"*",,,1,0,32,"{""row0"":{""field2"":1410,""field1"":""This an article summary 1 for this dessert. <em>Short</em> & <em>Sweet!</em>"", ""field7"": ""What's up <strong>Super Joomlers!</strong> <em>Alex</em> here...Proud to be a joomler. Nowadays focusing on Joomla! 4.x Web Services Apis.""}, ""row1"":{""field2"":1410,""field1"":""This an article summary 2 for this dessert. <em>Short</em> & <em>Sweet!</em>"", ""field7"": ""What's up <strong>Super Joomlers!</strong> <em>Alex</em> here... Proud to be a joomler. Nowadays focusing on Joomla! 4.x Web Services Apis.""}, ""row2"":{""field2"":1410,""field1"":""This an article summary 3 for this dessert. <em>Short</em> & <em>Sweet!</em>"", ""field7"": ""What's up <strong>Super Joomlers!</strong> <em>Alex</em> here... Proud to be a joomler. Nowadays focusing on Joomla! 4.x Web Services Apis.""}}","{""image_intro"": ""https://example.org/sample-intro-image.jpg"", ""image_intro_caption"": ""sample intro image caption"", ""image_intro_alt"":""sample intro image alt text"", ""float_intro"":"""",""image_fulltext"": ""https://example.org/sample-full-image.jpg"", ""image_fulltext_caption"": ""sample full image caption"", ""image_fulltext_alt"":""sample full image alt text"", ""float_fulltext"":""""}","{""urla"":""https://apiadept.com"",""urlatext"":""Website"",""targeta"":"""",""urlb"":""https://github.com/alexandreelise"",""urlbtext"":""Github"",""targetb"":"""",""urlc"":""https://twitter.com/mralexandrelise"",""urlctext"":""Twitter"",""targetc"":""""}"
0,"app-001",1,"Datasource - Offline csv file – Sample Data : Line 33","line-33","line-",2,"Sample article text 33","Sample intro text 33",,"*",,,1,0,33,"{""row0"":{""field2"":1410,""field1"":""This an article summary 1 for this dessert. <em>Short</em> & <em>Sweet!</em>"", ""field7"": ""What's up <strong>Super Joomlers!</strong> <em>Alex</em> here...Proud to be a joomler. Nowadays focusing on Joomla! 4.x Web Services Apis.""}, ""row1"":{""field2"":1410,""field1"":""This an article summary 2 for this dessert. <em>Short</em> & <em>Sweet!</em>"", ""field7"": ""What's up <strong>Super Joomlers!</strong> <em>Alex</em> here... Proud to be a joomler. Nowadays focusing on Joomla! 4.x Web Services Apis.""}, ""row2"":{""field2"":1410,""field1"":""This an article summary 3 for this dessert. <em>Short</em> & <em>Sweet!</em>"", ""field7"": ""What's up <strong>Super Joomlers!</strong> <em>Alex</em> here... Proud to be a joomler. Nowadays focusing on Joomla! 4.x Web Services Apis.""}}","{""image_intro"": ""https://example.org/sample-intro-image.jpg"", ""image_intro_caption"": ""sample intro image caption"", ""image_intro_alt"":""sample intro image alt text"", ""float_intro"":"""",""image_fulltext"": ""https://example.org/sample-full-image.jpg"", ""image_fulltext_caption"": ""sample full image caption"", ""image_fulltext_alt"":""sample full image alt text"", ""float_fulltext"":""""}","{""urla"":""https://apiadept.com"",""urlatext"":""Website"",""targeta"":"""",""urlb"":""https://github.com/alexandreelise"",""urlbtext"":""Github"",""targetb"":"""",""urlc"":""https://twitter.com/mralexandrelise"",""urlctext"":""Twitter"",""targetc"":""""}"
0,"app-001",1,"Datasource - Offline csv file – Sample Data : Line 34","line-34","line-",2,"Sample article text 34","Sample intro text 34",,"*",,,1,0,34,"{""row0"":{""field2"":1410,""field1"":""This an article summary 1 for this dessert. <em>Short</em> & <em>Sweet!</em>"", ""field7"": ""What's up <strong>Super Joomlers!</strong> <em>Alex</em> here...Proud to be a joomler. Nowadays focusing on Joomla! 4.x Web Services Apis.""}, ""row1"":{""field2"":1410,""field1"":""This an article summary 2 for this dessert. <em>Short</em> & <em>Sweet!</em>"", ""field7"": ""What's up <strong>Super Joomlers!</strong> <em>Alex</em> here... Proud to be a joomler. Nowadays focusing on Joomla! 4.x Web Services Apis.""}, ""row2"":{""field2"":1410,""field1"":""This an article summary 3 for this dessert. <em>Short</em> & <em>Sweet!</em>"", ""field7"": ""What's up <strong>Super Joomlers!</strong> <em>Alex</em> here... Proud to be a joomler. Nowadays focusing on Joomla! 4.x Web Services Apis.""}}","{""image_intro"": ""https://example.org/sample-intro-image.jpg"", ""image_intro_caption"": ""sample intro image caption"", ""image_intro_alt"":""sample intro image alt text"", ""float_intro"":"""",""image_fulltext"": ""https://example.org/sample-full-image.jpg"", ""image_fulltext_caption"": ""sample full image caption"", ""image_fulltext_alt"":""sample full image alt text"", ""float_fulltext"":""""}","{""urla"":""https://apiadept.com"",""urlatext"":""Website"",""targeta"":"""",""urlb"":""https://github.com/alexandreelise"",""urlbtext"":""Github"",""targetb"":"""",""urlc"":""https://twitter.com/mralexandrelise"",""urlctext"":""Twitter"",""targetc"":""""}"
0,"app-001",1,"Datasource - Offline csv file – Sample Data : Line 35","line-35","line-",2,"Sample article text 35","Sample intro text 35",,"*",,,1,0,35,"{""row0"":{""field2"":1410,""field1"":""This an article summary 1 for this dessert. <em>Short</em> & <em>Sweet!</em>"", ""field7"": ""What's up <strong>Super Joomlers!</strong> <em>Alex</em> here...Proud to be a joomler. Nowadays focusing on Joomla! 4.x Web Services Apis.""}, ""row1"":{""field2"":1410,""field1"":""This an article summary 2 for this dessert. <em>Short</em> & <em>Sweet!</em>"", ""field7"": ""What's up <strong>Super Joomlers!</strong> <em>Alex</em> here... Proud to be a joomler. Nowadays focusing on Joomla! 4.x Web Services Apis.""}, ""row2"":{""field2"":1410,""field1"":""This an article summary 3 for this dessert. <em>Short</em> & <em>Sweet!</em>"", ""field7"": ""What's up <strong>Super Joomlers!</strong> <em>Alex</em> here... Proud to be a joomler. Nowadays focusing on Joomla! 4.x Web Services Apis.""}}","{""image_intro"": ""https://example.org/sample-intro-image.jpg"", ""image_intro_caption"": ""sample intro image caption"", ""image_intro_alt"":""sample intro image alt text"", ""float_intro"":"""",""image_fulltext"": ""https://example.org/sample-full-image.jpg"", ""image_fulltext_caption"": ""sample full image caption"", ""image_fulltext_alt"":""sample full image alt text"", ""float_fulltext"":""""}","{""urla"":""https://apiadept.com"",""urlatext"":""Website"",""targeta"":"""",""urlb"":""https://github.com/alexandreelise"",""urlbtext"":""Github"",""targetb"":"""",""urlc"":""https://twitter.com/mralexandrelise"",""urlctext"":""Twitter"",""targetc"":""""}"
0,"app-001",1,"Datasource - Offline csv file – Sample Data : Line 36","line-36","line-",2,"Sample article text 36","Sample intro text 36",,"*",,,1,0,36,"{""row0"":{""field2"":1410,""field1"":""This an article summary 1 for this dessert. <em>Short</em> & <em>Sweet!</em>"", ""field7"": ""What's up <strong>Super Joomlers!</strong> <em>Alex</em> here...Proud to be a joomler. Nowadays focusing on Joomla! 4.x Web Services Apis.""}, ""row1"":{""field2"":1410,""field1"":""This an article summary 2 for this dessert. <em>Short</em> & <em>Sweet!</em>"", ""field7"": ""What's up <strong>Super Joomlers!</strong> <em>Alex</em> here... Proud to be a joomler. Nowadays focusing on Joomla! 4.x Web Services Apis.""}, ""row2"":{""field2"":1410,""field1"":""This an article summary 3 for this dessert. <em>Short</em> & <em>Sweet!</em>"", ""field7"": ""What's up <strong>Super Joomlers!</strong> <em>Alex</em> here... Proud to be a joomler. Nowadays focusing on Joomla! 4.x Web Services Apis.""}}","{""image_intro"": ""https://example.org/sample-intro-image.jpg"", ""image_intro_caption"": ""sample intro image caption"", ""image_intro_alt"":""sample intro image alt text"", ""float_intro"":"""",""image_fulltext"": ""https://example.org/sample-full-image.jpg"", ""image_fulltext_caption"": ""sample full image caption"", ""image_fulltext_alt"":""sample full image alt text"", ""float_fulltext"":""""}","{""urla"":""https://apiadept.com"",""urlatext"":""Website"",""targeta"":"""",""urlb"":""https://github.com/alexandreelise"",""urlbtext"":""Github"",""targetb"":"""",""urlc"":""https://twitter.com/mralexandrelise"",""urlctext"":""Twitter"",""targetc"":""""}"
0,"app-001",1,"Datasource - Offline csv file – Sample Data : Line 37","line-37","line-",2,"Sample article text 37","Sample intro text 37",,"*",,,1,0,37,"{""row0"":{""field2"":1410,""field1"":""This an article summary 1 for this dessert. <em>Short</em> & <em>Sweet!</em>"", ""field7"": ""What's up <strong>Super Joomlers!</strong> <em>Alex</em> here...Proud to be a joomler. Nowadays focusing on Joomla! 4.x Web Services Apis.""}, ""row1"":{""field2"":1410,""field1"":""This an article summary 2 for this dessert. <em>Short</em> & <em>Sweet!</em>"", ""field7"": ""What's up <strong>Super Joomlers!</strong> <em>Alex</em> here... Proud to be a joomler. Nowadays focusing on Joomla! 4.x Web Services Apis.""}, ""row2"":{""field2"":1410,""field1"":""This an article summary 3 for this dessert. <em>Short</em> & <em>Sweet!</em>"", ""field7"": ""What's up <strong>Super Joomlers!</strong> <em>Alex</em> here... Proud to be a joomler. Nowadays focusing on Joomla! 4.x Web Services Apis.""}}","{""image_intro"": ""https://example.org/sample-intro-image.jpg"", ""image_intro_caption"": ""sample intro image caption"", ""image_intro_alt"":""sample intro image alt text"", ""float_intro"":"""",""image_fulltext"": ""https://example.org/sample-full-image.jpg"", ""image_fulltext_caption"": ""sample full image caption"", ""image_fulltext_alt"":""sample full image alt text"", ""float_fulltext"":""""}","{""urla"":""https://apiadept.com"",""urlatext"":""Website"",""targeta"":"""",""urlb"":""https://github.com/alexandreelise"",""urlbtext"":""Github"",""targetb"":"""",""urlc"":""https://twitter.com/mralexandrelise"",""urlctext"":""Twitter"",""targetc"":""""}"
0,"app-001",1,"Datasource - Offline csv file – Sample Data : Line 38","line-38","line-",2,"Sample article text 38","Sample intro text 38",,"*",,,1,0,38,"{""row0"":{""field2"":1410,""field1"":""This an article summary 1 for this dessert. <em>Short</em> & <em>Sweet!</em>"", ""field7"": ""What's up <strong>Super Joomlers!</strong> <em>Alex</em> here...Proud to be a joomler. Nowadays focusing on Joomla! 4.x Web Services Apis.""}, ""row1"":{""field2"":1410,""field1"":""This an article summary 2 for this dessert. <em>Short</em> & <em>Sweet!</em>"", ""field7"": ""What's up <strong>Super Joomlers!</strong> <em>Alex</em> here... Proud to be a joomler. Nowadays focusing on Joomla! 4.x Web Services Apis.""}, ""row2"":{""field2"":1410,""field1"":""This an article summary 3 for this dessert. <em>Short</em> & <em>Sweet!</em>"", ""field7"": ""What's up <strong>Super Joomlers!</strong> <em>Alex</em> here... Proud to be a joomler. Nowadays focusing on Joomla! 4.x Web Services Apis.""}}","{""image_intro"": ""https://example.org/sample-intro-image.jpg"", ""image_intro_caption"": ""sample intro image caption"", ""image_intro_alt"":""sample intro image alt text"", ""float_intro"":"""",""image_fulltext"": ""https://example.org/sample-full-image.jpg"", ""image_fulltext_caption"": ""sample full image caption"", ""image_fulltext_alt"":""sample full image alt text"", ""float_fulltext"":""""}","{""urla"":""https://apiadept.com"",""urlatext"":""Website"",""targeta"":"""",""urlb"":""https://github.com/alexandreelise"",""urlbtext"":""Github"",""targetb"":"""",""urlc"":""https://twitter.com/mralexandrelise"",""urlctext"":""Twitter"",""targetc"":""""}"
0,"app-001",1,"Datasource - Offline csv file – Sample Data : Line 39","line-39","line-",2,"Sample article text 39","Sample intro text 39",,"*",,,1,0,39,"{""row0"":{""field2"":1410,""field1"":""This an article summary 1 for this dessert. <em>Short</em> & <em>Sweet!</em>"", ""field7"": ""What's up <strong>Super Joomlers!</strong> <em>Alex</em> here...Proud to be a joomler. Nowadays focusing on Joomla! 4.x Web Services Apis.""}, ""row1"":{""field2"":1410,""field1"":""This an article summary 2 for this dessert. <em>Short</em> & <em>Sweet!</em>"", ""field7"": ""What's up <strong>Super Joomlers!</strong> <em>Alex</em> here... Proud to be a joomler. Nowadays focusing on Joomla! 4.x Web Services Apis.""}, ""row2"":{""field2"":1410,""field1"":""This an article summary 3 for this dessert. <em>Short</em> & <em>Sweet!</em>"", ""field7"": ""What's up <strong>Super Joomlers!</strong> <em>Alex</em> here... Proud to be a joomler. Nowadays focusing on Joomla! 4.x Web Services Apis.""}}","{""image_intro"": ""https://example.org/sample-intro-image.jpg"", ""image_intro_caption"": ""sample intro image caption"", ""image_intro_alt"":""sample intro image alt text"", ""float_intro"":"""",""image_fulltext"": ""https://example.org/sample-full-image.jpg"", ""image_fulltext_caption"": ""sample full image caption"", ""image_fulltext_alt"":""sample full image alt text"", ""float_fulltext"":""""}","{""urla"":""https://apiadept.com"",""urlatext"":""Website"",""targeta"":"""",""urlb"":""https://github.com/alexandreelise"",""urlbtext"":""Github"",""targetb"":"""",""urlc"":""https://twitter.com/mralexandrelise"",""urlctext"":""Twitter"",""targetc"":""""}"
0,"app-001",1,"Datasource - Offline csv file – Sample Data : Line 40","line-40","line-",2,"Sample article text 40","Sample intro text 40",,"*",,,1,0,40,"{""row0"":{""field2"":1410,""field1"":""This an article summary 1 for this dessert. <em>Short</em> & <em>Sweet!</em>"", ""field7"": ""What's up <strong>Super Joomlers!</strong> <em>Alex</em> here...Proud to be a joomler. Nowadays focusing on Joomla! 4.x Web Services Apis.""}, ""row1"":{""field2"":1410,""field1"":""This an article summary 2 for this dessert. <em>Short</em> & <em>Sweet!</em>"", ""field7"": ""What's up <strong>Super Joomlers!</strong> <em>Alex</em> here... Proud to be a joomler. Nowadays focusing on Joomla! 4.x Web Services Apis.""}, ""row2"":{""field2"":1410,""field1"":""This an article summary 3 for this dessert. <em>Short</em> & <em>Sweet!</em>"", ""field7"": ""What's up <strong>Super Joomlers!</strong> <em>Alex</em> here... Proud to be a joomler. Nowadays focusing on Joomla! 4.x Web Services Apis.""}}","{""image_intro"": ""https://example.org/sample-intro-image.jpg"", ""image_intro_caption"": ""sample intro image caption"", ""image_intro_alt"":""sample intro image alt text"", ""float_intro"":"""",""image_fulltext"": ""https://example.org/sample-full-image.jpg"", ""image_fulltext_caption"": ""sample full image caption"", ""image_fulltext_alt"":""sample full image alt text"", ""float_fulltext"":""""}","{""urla"":""https://apiadept.com"",""urlatext"":""Website"",""targeta"":"""",""urlb"":""https://github.com/alexandreelise"",""urlbtext"":""Github"",""targetb"":"""",""urlc"":""https://twitter.com/mralexandrelise"",""urlctext"":""Twitter"",""targetc"":""""}"
0,"app-001",1,"Datasource - Offline csv file – Sample Data : Line 41","line-41","line-",2,"Sample article text 41","Sample intro text 41",,"*",,,1,0,41,"{""row0"":{""field2"":1410,""field1"":""This an article summary 1 for this dessert. <em>Short</em> & <em>Sweet!</em>"", ""field7"": ""What's up <strong>Super Joomlers!</strong> <em>Alex</em> here...Proud to be a joomler. Nowadays focusing on Joomla! 4.x Web Services Apis.""}, ""row1"":{""field2"":1410,""field1"":""This an article summary 2 for this dessert. <em>Short</em> & <em>Sweet!</em>"", ""field7"": ""What's up <strong>Super Joomlers!</strong> <em>Alex</em> here... Proud to be a joomler. Nowadays focusing on Joomla! 4.x Web Services Apis.""}, ""row2"":{""field2"":1410,""field1"":""This an article summary 3 for this dessert. <em>Short</em> & <em>Sweet!</em>"", ""field7"": ""What's up <strong>Super Joomlers!</strong> <em>Alex</em> here... Proud to be a joomler. Nowadays focusing on Joomla! 4.x Web Services Apis.""}}","{""image_intro"": ""https://example.org/sample-intro-image.jpg"", ""image_intro_caption"": ""sample intro image caption"", ""image_intro_alt"":""sample intro image alt text"", ""float_intro"":"""",""image_fulltext"": ""https://example.org/sample-full-image.jpg"", ""image_fulltext_caption"": ""sample full image caption"", ""image_fulltext_alt"":""sample full image alt text"", ""float_fulltext"":""""}","{""urla"":""https://apiadept.com"",""urlatext"":""Website"",""targeta"":"""",""urlb"":""https://github.com/alexandreelise"",""urlbtext"":""Github"",""targetb"":"""",""urlc"":""https://twitter.com/mralexandrelise"",""urlctext"":""Twitter"",""targetc"":""""}"
0,"app-001",1,"Datasource - Offline csv file – Sample Data : Line 42","line-42","line-",2,"Sample article text 42","Sample intro text 42",,"*",,,1,0,42,"{""row0"":{""field2"":1410,""field1"":""This an article summary 1 for this dessert. <em>Short</em> & <em>Sweet!</em>"", ""field7"": ""What's up <strong>Super Joomlers!</strong> <em>Alex</em> here...Proud to be a joomler. Nowadays focusing on Joomla! 4.x Web Services Apis.""}, ""row1"":{""field2"":1410,""field1"":""This an article summary 2 for this dessert. <em>Short</em> & <em>Sweet!</em>"", ""field7"": ""What's up <strong>Super Joomlers!</strong> <em>Alex</em> here... Proud to be a joomler. Nowadays focusing on Joomla! 4.x Web Services Apis.""}, ""row2"":{""field2"":1410,""field1"":""This an article summary 3 for this dessert. <em>Short</em> & <em>Sweet!</em>"", ""field7"": ""What's up <strong>Super Joomlers!</strong> <em>Alex</em> here... Proud to be a joomler. Nowadays focusing on Joomla! 4.x Web Services Apis.""}}","{""image_intro"": ""https://example.org/sample-intro-image.jpg"", ""image_intro_caption"": ""sample intro image caption"", ""image_intro_alt"":""sample intro image alt text"", ""float_intro"":"""",""image_fulltext"": ""https://example.org/sample-full-image.jpg"", ""image_fulltext_caption"": ""sample full image caption"", ""image_fulltext_alt"":""sample full image alt text"", ""float_fulltext"":""""}","{""urla"":""https://apiadept.com"",""urlatext"":""Website"",""targeta"":"""",""urlb"":""https://github.com/alexandreelise"",""urlbtext"":""Github"",""targetb"":"""",""urlc"":""https://twitter.com/mralexandrelise"",""urlctext"":""Twitter"",""targetc"":""""}"
